{
    "metrics": {
        "accuracy": 0.9400544959128065,
        "precision": 0.8629032258064516,
        "recall": 0.6858974358974359,
        "auc": 0.9165309998643332
    },
    "params": {
        "data_ingestion": {
            "test_size": 0.2
        },
        "feature_engineering": {
            "max_features": 35
        },
        "model_building": {
            "n_estimators": 22,
            "random_state": 2
        }
    }
}